0_Der_avg,Blink_Averaged,Time_Average,1_Der_avg,3_Der_avg
71.23855315,0,0.074,134.8021063,145.9269587
741.4223497,0,0.1248,780.2769818,243.6607657
793.4111706,0,0.173,777.369264,243.0575301
-140.9790329,0,0.2286,-48.64592536,104.2930087
-440.1250792,0,0.2748,-381.7110607,-66.03820391
-309.5733597,0,0.323,-282.492407,-76.17621033
-136.35698,0,0.3742,-95.57994079,-19.76844402
81.10775935,0,0.4248,60.60548493,101.015007
195.9530206,0,0.473,127.9316562,125.0894471
163.0609053,0,0.5242,89.16721602,54.8688537
83.11849667,0,0.5746,120.5886511,75.00701035
-17.20545944,0,0.6228,-11.17778212,71.41198129
-140.1619216,0,0.6738,-154.9565196,-69.07814706
-123.1504351,0,0.7248,-142.1725964,-83.72435034
888.0452713,0,0.773,712.4781435,177.954926
564.5810199,0,0.8242,404.6867431,83.01677445
-479.6787743,0,0.8748,-499.073309,-163.5870313
-155.4090229,0,0.923,-140.1995834,-101.4197335
-17.66806972,0,0.9742,-27.47240096,18.39392705
-126.5149483,0,1.0235,-105.6932671,-3.113172752
-71.21403928,0,1.0745,-65.09027812,22.15500159
-49.50348968,0,1.1239,-63.62394499,2.839336322
-125.6467865,0,1.1736,-33.89335896,-40.25849425
-20.50660654,0,1.2245,11.94712449,33.24458846
71.99978978,0,1.2739,16.79535278,17.87484506
90.00409087,0,1.3274,56.98780945,61.17376114
42.38179097,0,1.3745,64.76298299,45.53982701
-119.8811509,0,1.4239,-64.13206981,-24.58867077
-44.6583113,0,1.4736,-51.78158043,18.79623376
-39.00893655,0,1.5293,-81.84598982,-29.85628269
-128.9471035,0,1.5737,-153.7564234,-83.16030087
1.373749405,0,1.6236,20.55799589,-31.47385209
33.7968197,0,1.6745,9.881259972,-95.57295706
0.887590824,0,1.7239,-6.008021138,-47.1729532
-18.43925614,0,1.7802,26.12651736,86.32229571
-10.5625138,0,1.8221,34.5967481,72.59344552
67.84646658,0,1.8771,171.4130997,34.27712004
22.33517119,0,1.9236,76.07308328,-93.99807096
-104.9869934,0,1.9745,-129.1069561,-182.3933971
-72.02344538,0,2.0227,-102.6169681,-26.07293105
-191.5799806,0,2.0748,-184.8908789,79.30186149
-295.3092569,0,2.123,-257.0443929,-26.30894256
-123.6969493,0,2.1742,-158.3219357,-16.63620368
-38.34195591,0,2.2248,-49.12772957,55.17614137
10.16255203,0,2.273,85.30486044,27.89774544
93.72330241,0,2.3242,46.5597244,-51.85751648
141.2575301,0,2.3748,60.14542626,39.50381316
122.6833383,0,2.4302,122.750194,75.82606104
133.3348137,0,2.4714,129.967823,-82.85874659
18.45317205,0,2.5248,17.57653154,-128.8419151
-26.35070475,0,2.573,-70.40986571,17.83025427
-72.8646145,0,2.6242,-96.0311088,47.62455437
-249.4461712,0,2.6748,-178.3131311,-49.13543019
-95.28621484,0,2.723,-84.95181718,-11.15864667
-14.83398638,0,2.7742,-60.16674936,48.6125938
-169.3412881,0,2.8248,-183.4117475,17.29776536
-234.6704561,0,2.873,-214.7995001,-95.75871515
38.27937955,0,2.9242,129.7346782,-163.2162236
157.1008296,0,2.9748,217.2956764,-134.7948028
-104.3909956,0,3.0232,-33.36299558,-15.70426486
-293.4769027,0,3.0739,-135.7614796,158.2067648
-316.5372015,0,3.1236,-161.6145564,288.1984729
-193.2012833,0,3.1745,-75.07490771,175.3272723
8.4525178,0,3.2239,77.58871307,71.15520789
13.0680545,0,3.2736,52.6194754,0.247562309
-95.97187222,0,3.3245,-24.23488544,-165.0978683
40.94736703,0,3.3739,42.62677598,-137.6761851
134.3108699,0,3.4236,65.20479502,-3.188179312
122.3828691,0,3.4745,143.4694892,76.79499092
42.65695103,0,3.5274,105.7618302,-13.20121245
-322.4013764,0,3.5739,-279.3623956,-154.3721619
-249.2490523,0,3.6245,-247.7590208,-76.43143397
148.8560485,0,3.6739,72.45353897,52.52227083
256.4363321,0,3.7236,177.4374008,113.7695537
311.6962957,0,3.7745,248.5082039,52.76059259
224.8986658,0,3.8239,214.1878253,14.76727631
177.6221246,0,3.8736,207.0611341,89.17063264
175.1377199,0,3.9245,159.8515173,81.96643325
25.45573616,0,3.9739,-119.3795162,-7.591734598
-28.55850621,0,4.0236,-187.0280899,-111.9045684
22.43736856,0,4.0764,-32.90722907,-119.1599015
49.40747281,0,4.1246,-25.1281963,-50.35624977
147.8281471,0,4.1748,106.1019489,46.5009494
168.9733882,0,4.223,183.9366602,11.70258769
319.3384716,0,4.2742,281.680006,49.25467283
2197.735301,1,4.3248,2053.004943,345.3450831
1425.927367,1,4.373,1442.944185,358.876172
-1623.259723,0,4.4242,-1497.060066,-72.29814036
-1656.078241,0,4.4748,-1645.913525,-292.4372169
-653.0210182,0,4.523,-654.8027561,-149.555766
-127.4901486,0,4.5742,-133.3869678,-105.075387
146.3422493,0,4.6248,122.2745642,-62.24644679
318.9997319,0,4.673,267.7614343,100.8923582
254.7542019,0,4.7242,142.748461,90.79094927
108.8257044,0,4.7748,3.901061945,37.7181035
-9.24684704,0,4.823,-9.203619765,16.00573822
-15.82026888,0,4.8742,6.84761078,-79.79169335
46.18476281,0,4.9248,-2.78016987,-142.7285104
89.17242372,0,4.973,-11.78931162,-104.8315518
28.74912029,0,5.0241,11.06987209,58.06359054
-23.75242307,0,5.0736,37.48918896,113.8832597
51.71500624,0,5.1245,27.64701071,19.30046169
13.04856223,0,5.1755,-31.10027809,-3.612858546
-52.01714846,0,5.2264,-2.280444576,25.7666217
31.20803799,0,5.2745,58.76971923,54.13039759
-4.78174321,0,5.3241,-8.60082841,24.92755899
-94.55736342,0,5.3774,-49.88203135,-13.39484455
-130.0385834,0,5.4245,-64.05390875,-15.68100037
-54.61048347,0,5.4739,-39.5328478,5.186383751
31.01476196,0,5.5268,23.50846724,7.612826642
-23.63433961,0,5.5745,31.31273205,37.94034977
-47.85791574,0,5.6239,-32.64996503,16.58913534
-38.4567849,0,5.6736,-109.4466878,-65.56561184
-75.96549294,0,5.7245,-137.0709738,-119.0911288
-63.27338789,0,5.7777,-95.56379114,-69.02083749
20.76337224,0,5.8236,7.17946163,0.551519169
28.3697821,0,5.8745,73.69791876,20.65921395
-125.3248394,0,5.9239,-48.6175269,-2.21276664
-73.6419143,0,5.9736,-57.24807346,-11.58144073
46.8458917,0,6.023,39.78315418,14.83593505
-24.81298056,0,6.0742,-23.60984969,-37.80879979
-15.88068633,0,6.1248,38.98534683,50.80608294
79.54664973,0,6.173,82.47437622,69.77294914
541.765172,0,6.2242,478.3817369,129.5378148
1918.18118,1,6.2748,1890.178074,422.2417938
486.8561655,0,6.3268,552.3738147,131.2276299
-1943.125885,0,6.3742,-1816.707322,-318.5238674
-1314.192593,0,6.4248,-1282.573513,-239.4685474
-440.8212771,0,6.4802,-466.7069764,-259.5509642
-23.9281078,0,6.5214,-91.79837406,-170.297758
200.5129874,0,6.5748,156.1307308,35.6467176
191.9979803,0,6.623,217.1592889,31.91895455
56.44851443,0,6.6742,110.1978369,59.91856565
-183.4077646,0,6.7248,-79.37386905,22.05223558
-70.56372045,0,6.773,-49.475202,-46.54770702
103.1691189,0,6.8242,8.891458872,-53.13618642
160.0881052,0,6.8798,117.5354019,42.0683075
131.2190912,0,6.9226,100.2498338,92.44991505
-6.759748525,0,6.9742,-44.81713141,26.38541606
45.21398884,0,7.0287,40.39481618,91.75374506
-66.72418608,0,7.0721,-89.96709304,99.61623863
-124.4054209,0,7.1239,-173.8052909,-63.34868835
-14.41459925,0,7.1736,-25.38268813,-15.88779182
-18.0765608,0,7.2245,23.79231022,-8.608290826
42.085966,0,7.2739,59.20951545,-77.74114287
42.34840105,0,7.3236,19.18647832,-58.80587758
-33.79742644,0,7.3745,-104.8571222,-62.17590784
-1.033920111,0,7.4271,20.38296241,-15.60099906
75.52254368,0,7.4736,136.0336308,60.97241369
84.76318459,0,7.5245,11.50305696,15.91883711
269.0028344,0,7.5774,138.8548886,-8.293974429
214.6449469,0,7.6239,193.1967218,16.65278189
-4.119679885,0,7.6745,52.33886693,-40.53705999
71.63968909,0,7.7255,126.1303815,40.8053623
87.47428244,0,7.7764,98.83814481,85.52790296
-24.2106234,0,7.8245,-67.27042155,29.82129691
-110.1886305,0,7.8739,-123.148607,18.32215867
-85.70443053,0,7.9274,-51.22177382,32.87159892
-129.8153928,0,7.9782,-50.0945393,9.374536519
267.553177,0,8.0228,256.59704,166.994034
2279.594869,1,8.0748,2234.476158,438.9474066
1569.510238,1,8.123,1580.459635,289.5268145
-1562.4597,0,8.1742,-1488.096062,-213.4125179
-2071.545364,0,8.2248,-1982.467802,-515.1522059
-1196.478555,0,8.273,-1204.916203,-354.3283794
-362.865938,0,8.3242,-421.1343893,-134.1847999
-33.29541264,0,8.3748,-66.37037484,-120.1368874
71.31289846,0,8.423,75.33067464,-15.45127691
142.3967767,0,8.4742,169.0879794,77.33634773
245.3843673,0,8.5284,222.430079,101.7020509
246.4581721,0,8.5732,219.7385486,127.62754
193.1262775,0,8.6286,165.9829202,56.7069252
109.3648082,0,8.6748,96.7707247,-40.43969486
-83.86318315,0,8.723,-24.48201339,-58.39396239
-62.58005596,0,8.778,-91.38142871,18.39855645
4.10052346,0,8.8248,-137.1311788,-1.407864977
30.72172163,0,8.873,-13.02095837,33.754204
234.6793557,0,8.9242,279.4279716,171.5723563
825.1258393,1,8.9748,776.9632088,167.0084432
1765.532929,1,9.0232,1602.859911,263.3297873
685.4438746,0,9.0739,737.8706417,176.6602432
-1589.801049,0,9.1236,-1424.861249,-174.2649234
-1826.444818,0,9.1745,-1744.613761,-434.0696083
-787.5094347,0,9.2255,-718.8378281,-308.9409345
-119.1509463,0,9.2764,-46.94349119,-83.83530295
55.16066499,0,9.3245,136.6413869,-46.23967283
102.0967002,0,9.3739,104.6222084,8.456935907
96.07691609,0,9.4236,97.91476648,52.14350618
85.2330296,0,9.4745,107.329218,53.85774437
66.70823624,0,9.5239,63.18774122,7.598755285
33.33446701,0,9.5736,29.838822,-2.394335805
93.97248822,0,9.6259,73.88755972,48.87587177
138.0327336,0,9.6757,106.5884141,118.8989042
45.72108722,0,9.7236,82.25056374,143.2043949
-26.08700833,0,9.7745,-19.16884106,-32.65268203
-21.14200493,0,9.8239,-45.46781694,-120.1780081
124.0817618,0,9.8736,103.3888532,47.1404696
69.30152985,0,9.9245,28.54392722,11.45018823
-66.984656,0,9.9739,-63.25522613,-39.5373155
-27.83384673,0,10.0237,2.727103536,51.91070979
-22.06292368,0,10.0729,-69.30219988,-36.56784666
9.229095225,0,10.1242,-39.95818007,-177.0062981
95.09833707,0,10.1748,98.00830851,-75.35290787
95.50481537,0,10.2262,76.99354937,25.00799558
51.06141901,0,10.2742,30.79320529,7.802089221
-57.04143736,0,10.3248,-19.93792412,106.7747772
-46.23356275,0,10.373,-32.65250636,51.8161066
-13.83777757,0,10.4242,34.51829325,-59.02746507
11.40346153,0,10.4748,51.38872493,34.81078518
96.9056141,0,10.523,94.94450394,96.20490064
175.7771328,0,10.5742,180.5388521,51.98524194
74.77857265,0,10.6248,66.82889176,-10.60710683
-220.5402301,0,10.673,-210.0087299,-48.77591323
-215.9493956,0,10.7242,-188.9204082,-76.32908307
19.5969859,0,10.7748,48.94359138,14.30344841
137.9474069,0,10.823,90.4922125,34.2089768
114.3629337,0,10.8742,52.06245187,-13.70808573
121.1731501,0,10.9298,104.3896201,122.305143
25.09033199,0,10.9726,0.454481182,59.81313528
-141.291295,0,11.0242,-165.7180871,-96.83882909
-121.1334446,0,11.0735,-122.5829966,-84.07972752
57.99193552,0,11.1245,10.82264261,-71.99598603
14.0519312,0,11.1739,-1.634801233,-62.55234648
-43.41251327,0,11.2253,-21.38465953,-29.12218754
105.0184725,0,11.2766,79.32143763,113.9913654
51.86117071,0,11.3239,47.64787626,97.65186774
-60.25936027,0,11.3736,-35.07062424,-53.43104464
-39.43306947,0,11.4245,5.023321747,-4.937191763
-29.49318381,0,11.4739,23.4524566,51.08698286
13.77685256,0,11.5253,-18.43383445,-2.795978603
20.51492918,0,11.5766,5.629865237,14.51949277
19.6244169,0,11.6239,43.82792459,9.565553065
24.46005973,0,11.6736,20.72525704,51.34355933
-1.60093197,0,11.7245,-6.993353364,65.18053135
50.40754955,0,11.7739,62.57703346,-3.252192976
106.4133734,0,11.8236,61.57626108,78.3675409
224.5284454,0,11.8745,151.581839,82.00961242
1504.075333,1,11.9239,1500.245095,222.6519709
876.8426936,1,11.9736,932.4506038,245.8408261
-1379.811258,0,12.0245,-1291.164021,-214.3564432
-1468.513105,0,12.0791,-1405.292881,-445.7486773
-678.517394,0,12.123,-712.6959225,-332.5737508
-104.6133356,0,12.173,-116.1345209,-131.2439016
134.8577097,0,12.2242,156.5476231,113.8010614
212.0942855,0,12.2748,138.8475371,152.0835501
178.3088219,0,12.323,155.734123,74.04893401
60.29196059,0,12.3742,28.00447832,-17.97004033
-21.57591223,0,12.428,-64.73041152,-74.03625618
76.21958809,0,12.473,38.23830352,41.54006345
105.4265411,0,12.5242,71.91664699,94.54567804
31.05635642,0,12.5748,24.35474472,8.926932331
61.16832117,0,12.623,26.22441609,-23.55978086
30.98410902,0,12.6742,24.03560022,49.41045084
-91.12828893,0,12.7248,-78.2011084,-24.75600274
-100.1441265,0,12.773,-22.92454065,-89.49493014
-8.65737903,0,12.8242,113.4593642,79.11418525
79.73942376,0,12.8748,172.3319443,129.9104639
27.3129942,0,12.923,63.79946484,-9.896748655
0.58258229,0,12.9742,-17.59599721,-121.8726968
80.27565533,0,13.0248,126.3973253,-59.29918164
84.68896331,0,13.0732,92.71047307,29.53157962
15.28395043,0,13.1239,-31.19125189,18.38732791
-15.14795002,0,13.1736,-15.97454155,76.59607132
-46.6113819,0,13.2245,-48.49579855,23.72488689
-104.7646755,0,13.2741,-70.93502075,-125.4821845
-54.32154504,0,13.3236,-7.395125935,-8.435470243
89.13618972,0,13.3745,86.84296052,124.0437939
35.86906663,0,13.4239,32.08686797,28.24466241
-3.997247715,0,13.4736,-8.367793685,-40.97412591
107.0372591,0,13.5282,87.05090479,26.51500732
43.85935489,0,13.574,87.77257131,29.09813741
-64.6391487,0,13.6236,-2.981901024,-7.07391739
-67.68999086,0,13.6745,-35.85142613,16.33713557
-32.80531658,0,13.7239,-39.52847908,-24.6407284
-18.95681146,0,13.7768,-31.26195991,-45.10553077
-87.09824591,0,13.8245,-34.52359289,-78.04714621
19.92996475,0,13.8777,-0.076289478,-68.47102646
48.30428878,0,13.9236,-7.388173295,-44.19522093
-41.97187032,0,13.9745,-52.46781571,-42.8114877
16.0516652,0,14.0239,-25.56280008,24.41599306
-5.305126305,0,14.0736,-6.942789958,66.13403962
-1.92860672,0,14.123,21.13686591,-15.56354267
82.68493298,0,14.1742,89.50863752,-7.126933517
132.6232249,0,14.2248,84.28154646,121.6334177
41.27744035,0,14.2762,9.889056458,85.25158361
82.51559145,0,14.328,85.8280721,39.43541605
1059.10384,1,14.3748,1012.988891,106.2426136
1724.990544,1,14.423,1683.73473,305.7730321
-385.591709,0,14.4744,-380.1529199,53.28815816
-1922.935479,0,14.5248,-1805.722038,-285.798681
-1046.381833,0,14.573,-955.5413597,-195.6762419
-406.2731302,0,14.627,-448.9827809,-190.1866568
-67.7434901,0,14.6752,-123.7757291,-125.2709483
91.80724834,0,14.723,113.4730037,-22.20606012
4.124196015,0,14.7742,30.67342854,-18.54864976
-76.18643867,0,14.8248,-82.50683954,-37.05455456
43.9059083,0,14.873,19.00181199,11.27085301
70.44997543,0,14.9242,56.67790055,11.82441943
-33.69781047,0,14.9748,-19.71042597,-23.38721159
-4.56626678,0,15.023,-8.303001112,43.27664237
-136.5601605,0,15.0741,-86.31483975,26.02589767
-148.6520628,0,15.1236,-88.91394892,29.1709657
-27.50467773,0,15.1795,-7.065988635,36.39171393
-88.76078475,0,15.2237,-11.52512745,5.811799685
-109.4966548,0,15.2736,-33.11293012,8.249138158
-38.27194056,0,15.3245,12.89136498,12.94941278
-51.01510375,0,15.3739,12.06853713,-45.09038386
-29.06941074,0,15.4236,37.71504052,-37.86343122
10.62758572,0,15.4745,71.48299124,29.564149
-1.321504575,0,15.5239,45.60470122,31.40187599
-57.36794098,0,15.5736,9.467063619,19.46816903
17.48510785,0,15.6245,12.95017399,-29.04716561
5.14711855,0,15.6777,-4.961654688,-93.32402753
-58.40826437,0,15.7253,-101.3915269,-64.55303477
34.13668056,0,15.7766,23.53227456,28.94764316
54.51529231,0,15.8239,131.4875475,52.10454037
101.2615563,0,15.8736,111.6405073,36.18253772
70.44034075,0,15.9293,69.53649142,-41.14173476
127.2062589,0,15.9737,97.59713391,16.53617298
217.6252519,0,16.0236,114.0700124,62.97328134
50.38742685,0,16.073,33.57564121,-13.16131524
40.9796962,0,16.1242,42.64354859,-45.94981866
174.6632721,0,16.1748,100.3569035,-5.896984198
187.5669938,0,16.223,123.404478,80.55076415
146.9320152,0,16.2742,112.7078843,84.57183479
-56.65722575,0,16.3286,-25.25482288,-28.33198471
-69.98276631,0,16.373,-34.31926969,8.55161995
144.4978328,0,16.4242,104.3985387,105.7739614
169.8048859,0,16.4798,121.1483547,-7.506386237
131.4336836,0,16.5226,85.81746876,-53.07093123
149.5803599,0,16.5742,108.3296752,27.23427471
148.8851085,0,16.6248,132.0238553,63.18229294
13.97913305,0,16.673,22.05070017,29.55873347
-113.9447996,0,16.7242,-100.967088,-55.36080256
57.4416587,0,16.7748,9.267585325,-24.52248208
331.5383353,0,16.823,237.9414024,81.7981533
176.2613357,0,16.8788,177.3311234,25.50812155
1180.045749,1,16.9248,1112.488487,131.9503002
2166.094348,1,16.973,2041.315411,462.5179587
-241.8125495,0,17.0242,-138.5046514,103.1106039
-2275.421634,0,17.0735,-2113.911564,-401.2926629
-1661.81282,0,17.1245,-1532.316645,-340.3404031
-762.9237014,0,17.1739,-723.1326437,-206.8231837
-82.29909775,0,17.2236,-142.4376839,-54.40231633
196.7769419,0,17.2745,153.5893019,-47.55778648
136.9936955,0,17.3239,99.80640228,-57.8173615
91.77218437,0,17.3736,29.94842634,-8.465105589
136.0275934,0,17.4295,80.08159002,69.23901347
151.18795,0,17.4737,100.0792656,67.4614525
71.32262421,0,17.5236,58.28811743,-21.38648054
43.99069174,0,17.5745,33.68352915,-5.939323254
159.3613127,0,17.6239,135.3901353,123.1580722
104.426456,0,17.6736,118.2202113,67.27883948
-23.90655717,0,17.7245,-3.429195294,-71.90250197
15.20163477,0,17.7739,-61.45734423,-41.75959095
-70.68248585,0,17.8236,-85.39039844,-23.02024222
-131.3988575,0,17.8745,-50.46060482,18.36081634
-144.4427197,0,17.9239,-107.6567154,100.4519137
-94.24173139,0,17.9736,-79.49084652,6.952374787
99.63285546,0,18.0293,28.41540549,-87.64435634
161.2213853,0,18.0725,65.0958301,-78.54404114
36.39559028,0,18.1248,7.747227732,-17.88585112
15.82124818,0,18.173,-6.984260284,34.58481474
17.75264547,0,18.2242,16.82410966,12.38593939
99.69993282,0,18.278,68.7212722,25.9584406
158.896467,0,18.323,80.77547309,-23.99814332
-53.83283086,0,18.3742,-89.69627702,-44.73900252
-75.18359432,0,18.4248,-71.60962586,50.74816837
60.10824602,0,18.473,98.91237375,105.9263225
-3.83511954,0,18.528,30.49015334,16.47091162
-78.6912183,0,18.5748,-63.17239873,20.71910583
-10.16174618,0,18.6232,-59.04021253,33.5325543
28.2010132,0,18.677,-5.836642089,-19.77530268
-52.51079724,0,18.7252,-2.231466909,6.080827532
-21.14451422,0,18.773,40.41369643,10.39580156
-33.16019627,0,18.8242,8.902776178,-39.12760179
-139.9684918,0,18.8748,-100.5251984,-119.7380841
23.32854045,0,18.923,50.916586,-59.80363662
10.2715678,0,18.9742,98.65449188,-4.187094012
-48.60626706,0,19.0248,-27.88580803,-4.620954905
115.9755105,0,19.0732,78.18990372,19.35241858
41.59004187,0,19.1239,37.07471098,-16.0519117
-78.49148802,0,19.1806,-115.5913561,1.872887751
-128.9876415,0,19.2271,-126.4032,-8.802011122
-64.43760567,0,19.2737,-128.065502,33.49497127
56.14686774,0,19.3236,-8.20853668,68.88756974
-23.4316842,0,19.3745,-31.22589009,-9.292270348
-153.2644939,0,19.4239,-98.37492477,-101.4591552
-74.94665052,0,19.4736,22.28894174,10.65831164
35.8162239,0,19.5245,86.77385639,72.33372187
49.91444881,0,19.5739,42.63493053,24.64890465
98.92170919,0,19.6266,37.86942364,12.95255713
177.7931324,0,19.6747,96.31334205,2.112519182
489.9706528,0,19.7274,429.2383219,18.07973245
2197.702329,1,19.7739,2141.951302,275.3691969
1347.693537,1,19.8245,1217.987002,296.6387179
-1714.465377,0,19.8777,-1634.051439,-154.2088383
-2028.048885,0,19.9238,-1802.924051,-389.2108954
-1043.426659,0,19.9745,-985.2369119,-261.2751824
-368.2487511,0,20.0239,-335.1231453,-137.980139
107.5698892,0,20.0737,86.60363184,3.787361764
292.3507263,0,20.1229,207.2042507,128.3869912
117.093022,0,20.1806,162.0992396,70.12462673
45.39909257,0,20.2232,132.949695,7.447376831
24.26433056,0,20.273,50.66201305,19.58807358
-44.47807318,0,20.3242,-108.1569615,52.03283369
49.15843115,0,20.3748,-27.86579445,52.86988921
99.87521705,0,20.423,100.2685746,52.92298364
40.42250905,0,20.4744,-6.331580508,42.64047812
75.14101605,0,20.5248,28.36987601,46.34359407
-34.83784864,0,20.573,0.516061374,-92.52135633
-58.56479172,0,20.6242,-48.96605866,-183.8917564
43.54858597,0,20.6748,-3.288157381,-75.80171752
124.4358972,0,20.723,97.63840909,71.42514632
128.6708192,0,20.7742,131.7031376,54.47956147
30.05729747,0,20.8248,110.4300709,15.69707075
-50.77640257,0,20.873,17.28369104,42.68085889
2.31846495,0,20.9242,16.79276813,60.51371955
4.93735753,0,20.975,0.539539616,20.58761278
20.55143164,0,21.023,-44.78822852,0.215729167
63.71688049,0,21.0742,49.31243762,65.92214725
-28.15229074,0,21.1235,28.23877214,92.24871771
-64.58801552,0,21.1745,-46.421551,-39.78214095
53.96937012,0,21.2239,60.41070007,-47.32368217
32.94593246,0,21.2736,16.19855925,-7.374968613
-6.904186645,0,21.3245,-28.97242422,-15.46465688
14.9804302,0,21.3739,18.22446297,16.43048407
-27.03635458,0,21.4238,-51.26596971,-29.72353066
-45.15923469,0,21.4777,11.04565399,-28.76045609
1.37050622,0,21.5239,9.683639565,-101.8464312
35.32371055,0,21.5736,-9.472130662,-107.147682
-79.35426348,0,21.6245,-69.74198357,-16.58881446
-86.47764115,0,21.6741,-92.53989919,47.71011089
77.84136485,0,21.7237,51.78887432,29.64715416
83.1609213,0,21.7796,73.26356326,18.90810385
15.68133529,0,21.8253,40.59393636,90.93576392
46.55698247,0,21.8766,54.89093622,70.69515806
26.20833949,0,21.9245,-8.377954916,25.14495751
-19.65476579,0,21.9739,-18.24754284,18.4972955
-25.62902527,0,22.0276,21.22919278,29.44822782
207.5703415,0,22.0745,191.3346914,47.60675123
1260.726899,1,22.1227,1186.889825,166.8356487
1364.952803,1,22.175,1276.513063,281.6516555
-672.119922,0,22.223,-608.4537194,-1.09105599
-1721.886974,0,22.2742,-1527.838154,-295.1389384
-1037.713888,0,22.3248,-991.3167248,-280.1694722
-356.1177566,0,22.3732,-364.8581142,-203.1207938
7.153957355,0,22.4242,41.67425289,-45.68433543
85.16504238,0,22.4748,51.9161435,8.151724903
82.23704945,0,22.523,53.80431057,13.04409131
103.8391553,0,22.5742,64.27642492,42.12473799
16.5854402,0,22.6284,14.1123094,-31.52437055
31.17485715,0,22.6732,72.3761868,1.818471464
102.073166,0,22.7242,107.4072736,52.43004561
0.49159132,0,22.7748,40.7196947,58.22094489
16.70455617,0,22.823,-3.339229691,110.6407937
27.70244114,0,22.8742,4.559781142,-11.52800689
-16.91557977,0,22.9248,-35.71893523,-82.25195414
47.63771153,0,22.973,20.67726996,-12.41584179
133.5677478,0,23.0242,126.205217,46.56889892
40.1377475,0,23.0748,38.31263609,1.662159989
-43.09433071,0,23.1232,18.86717714,14.83617339
35.55452579,0,23.1739,36.23444208,31.60585069
26.23987327,0,23.2236,-14.66091049,-47.56886138
-50.96797314,0,23.2745,-63.69003673,-81.81396282
19.86777734,0,23.3239,-20.58104776,-42.31936703
85.244277,0,23.3736,65.76146441,20.3726115
69.8696778,0,23.4245,56.13184415,-7.438719844
23.85473035,0,23.4739,3.824058023,-28.10784354
-52.02603395,0,23.5274,-10.31572256,-9.9991332
-15.83195425,0,23.5793,15.57757922,-13.85289701
-14.81377772,0,23.6237,-7.82260769,9.705240128
-48.77904112,0,23.6738,-57.41118897,21.23066682
-88.00069486,0,23.7259,-93.25794834,-11.4518455
-105.856895,0,23.7757,-91.86010614,28.29992681
-51.31168292,0,23.8236,-36.34288551,-4.219264143
11.70075798,0,23.8745,39.60306461,-18.06885377
78.59278705,0,23.9239,74.51050096,93.28127703
74.66940628,0,23.9736,75.52834008,70.49410919
78.32791478,0,24.0245,59.69035936,7.415929325
18.3810739,0,24.0739,0.167582662,-14.71156015
-60.74355161,0,24.1236,-28.74093961,-104.0262767
-21.20355987,0,24.173,-28.1179946,-110.5935241
35.79923299,0,24.227,44.28874225,11.31931826
-9.30389905,0,24.2786,28.342985,40.3646681
7.06641315,0,24.3246,20.08970512,4.314617461
70.91817303,0,24.3742,38.04676144,17.49333881
11.73150862,0,24.4248,-23.21002112,7.734150444
17.93631597,0,24.473,-1.625320194,0.325773705
77.35960433,0,24.527,71.76826902,50.9424542
73.9828897,0,24.5752,40.37184782,36.52175368
489.1913656,0,24.623,442.4711387,126.9136129
1694.043892,1,24.6742,1662.410553,398.7278067
175.9999985,0,24.725,215.1457226,98.03523056
-1823.419148,0,24.773,-1727.158356,-275.7586992
-1193.892341,0,24.8242,-1128.738825,-220.7875188
-462.2683567,0,24.8748,-448.5387316,-138.6298621
-25.76186482,0,24.9234,-73.07714466,-88.76878297
46.11563218,0,24.9742,1.290509827,-156.8164406
48.35471213,0,25.0248,9.842379865,-92.21918661
80.69172896,0,25.073,58.54641799,-12.8723054
144.839392,0,25.1286,134.0192035,-30.06367736
160.0749247,0,25.1723,170.7465122,58.14818608
175.175734,0,25.2245,193.5685555,109.3073297
99.53145673,0,25.2739,109.5015077,54.53448397
17.21672849,0,25.3237,27.81501817,-0.918492575
60.68982755,0,25.3746,100.9447588,49.49635331
-13.02749701,0,25.4277,-16.69607919,44.37042775
-14.66980141,0,25.4738,-64.19679939,24.08538992
60.7689113,0,25.5245,37.03007267,61.67602279
-12.29233338,0,25.5739,10.46052167,57.55825192
-33.79699265,0,25.6236,-4.451769794,36.1662951
6.63610392,0,25.6745,-1.20001422,53.53667719
-70.51944241,0,25.7241,-48.37790408,-9.817211918
-96.58298149,0,25.7736,-59.22642239,-62.2327673
71.84514952,0,25.8277,63.80221315,-20.8900495
82.02264186,0,25.8755,121.6451291,-28.86237765
41.49410776,0,25.9266,46.94320325,-73.11503538
70.15339106,0,25.9795,-15.97566026,-27.02603294
9.742588505,0,26.0237,-86.3204857,-4.8781619
61.41948955,0,26.0737,5.325660405,3.515566964
110.549971,0,26.1231,113.004944,35.77409139
6.98198773,0,26.1742,-2.841509325,-23.83714767
-103.9677127,0,26.2248,-71.55162018,34.3342133
-111.0784585,0,26.273,-8.659220736,26.70743391
83.69269289,0,26.3242,115.5651168,14.13263761
111.3100726,0,26.3748,95.44572762,33.66572237
-60.65325038,0,26.423,-43.25936819,9.92171292
-31.36784568,0,26.4788,-54.24802762,14.45692138
-1.157541355,0,26.5248,20.62591525,60.30395327
-143.1808137,0,26.573,-70.2488674,8.294602741
-239.7494427,0,26.6244,-203.6724467,-84.78170975
-107.6525502,0,26.6748,-138.0363802,-68.30916518
369.6486995,0,26.723,279.038997,12.61075483
1724.001932,1,26.7742,1555.596684,240.6585614
856.460511,1,26.828,811.8734395,183.8947184
-1529.211364,0,26.8744,-1336.609678,-229.5745268
-1654.775237,0,26.9242,-1475.733679,-344.6521063
-1087.429198,0,26.9748,-932.1745661,-219.2242465
-555.346225,0,27.023,-455.8769685,-128.8522893
-141.2513148,0,27.084,-86.70611502,-9.382072118
4.44051292,0,27.1217,87.83957497,101.9748257
60.01991366,0,27.1745,132.3615054,114.5293036
-15.81526049,0,27.2239,78.6537516,-13.83444065
-29.27486779,0,27.2736,64.48086033,-13.31078341
-53.41251905,0,27.3293,12.34113083,45.21321749
-70.33995217,0,27.3753,-39.66941283,4.027050873
54.40912309,0,27.4266,66.45820866,-47.09701872
114.5753032,0,27.4745,150.6484351,20.56998457
122.2291005,0,27.5239,93.44363163,-23.11524854
117.6046216,0,27.5736,57.98286621,-94.84146148
60.04929184,0,27.6245,-7.505305172,-66.25617736
227.6514464,0,27.6741,114.6621834,-21.366162
278.5088597,0,27.7306,203.4556301,48.49148273
95.10568337,0,27.7725,110.3043313,23.58492031
71.17857542,0,27.8241,110.7561852,48.05007599
113.6548624,0,27.8736,97.88255933,62.17024782
136.4686825,0,27.9245,88.36317496,45.6969708
144.8483381,0,27.9777,86.0919046,40.23744332
-17.0452429,0,28.0236,-22.37062089,31.24299204
-86.85720147,0,28.0747,-101.011167,-18.49147496
166.8905324,0,28.1302,64.60193412,26.11705351
137.6830073,0,28.175,77.68424404,76.45820238
67.16407076,0,28.2232,56.14901977,31.63807839
218.2917256,0,28.2742,160.5337938,61.18097086
134.0091574,0,28.3248,39.06754851,-1.239862109
65.37576511,0,28.3732,-3.516411927,-21.70358787
102.378337,0,28.4242,95.14562454,-9.432500465
157.4766989,0,28.4748,123.9636699,-72.82557796
191.3241722,0,28.523,68.2325959,-56.99233774
87.5712314,0,28.5744,2.483178463,-23.49402145
50.01987307,0,28.6248,20.34937482,30.88305033
57.50967121,0,28.6802,107.4196371,98.69358604
-60.56770707,0,28.7216,70.6490394,15.11840852
-79.10087147,0,28.7748,-48.25061246,-69.22511153
148.5803082,0,28.823,138.8475576,83.13640507
128.9579301,0,28.8742,93.66657619,50.86868825
53.44361172,0,28.925,33.81087697,3.847481873
-19.78835155,0,28.973,53.68533594,40.04833464
-42.7215609,0,29.0242,18.89841819,45.2253284
63.36267616,0,29.078,53.84029353,84.43380617
46.06243598,0,29.1232,-9.279691222,60.11363721
-159.4242153,0,29.1741,-121.2487043,-44.64567867
-171.7510826,0,29.2236,-126.9375926,-81.88482962
53.1948657,0,29.2759,-32.14064587,14.26391927
23.21744636,0,29.3259,-57.52438272,-31.41825088
30.77570405,0,29.3737,-1.902503992,-108.520197
108.4479581,0,29.4248,53.04799802,-22.71009833
465.6779438,0,29.4739,392.8540257,56.29539695
1945.239523,1,29.5306,1784.843028,452.5654354
565.130823,0,29.5725,559.8033099,288.4185263
-1920.095681,0,29.6271,-1690.778628,-355.3036613
-1185.168529,0,29.6736,-1078.631483,-244.6772615
-429.3706659,0,29.7245,-391.0485195,-133.3934681
-121.2931371,0,29.7775,-112.6229291,-69.46597008
72.32192826,0,29.824,28.43498563,46.54055627
52.00482408,0,29.8745,20.46910055,22.35787817
83.66149245,0,29.9241,95.17272261,102.2583561
55.57284548,0,29.9736,92.08360397,57.32355026
21.59854824,0,30.0247,18.04215324,-63.53758001
-23.11858287,0,30.0739,-40.61495225,15.54532337
53.7812037,0,30.1237,17.38770019,0.832772554
46.96939682,0,30.1729,35.3696178,-47.40038974
68.13129332,0,30.2242,31.51205333,-71.58095965
69.85904914,0,30.2748,40.94075263,-30.12006068
-16.77502476,0,30.323,7.057882885,40.99211254
-45.47930455,0,30.3742,9.286799722,1.869385162
-35.55458775,0,30.4284,68.16883237,7.743232818
-11.47013672,0,30.4732,12.9586928,-50.69578125
-19.65209853,0,30.5244,-63.68514648,-56.96604663
101.8787904,0,30.5748,76.44731105,62.93754591
-11.1102657,0,30.6264,5.36105333,86.882475
-161.5800367,0,30.675,-137.1529927,23.23535996
3.6333146,0,30.725,-11.29184958,42.33192542
34.50058531,0,30.773,70.31791276,95.88387565
32.99236921,0,30.8242,71.72935345,92.21160001
153.9346076,0,30.8784,84.03516231,39.48890504
74.97766268,0,30.9248,43.3277475,15.36754727
14.14465998,0,30.9744,28.97296883,-39.70047219
-8.94561803,0,31.0248,-5.175048865,-110.6502387
-45.74555968,0,31.0732,-67.70007454,-156.4991958
-135.424622,0,31.1242,-97.33099743,-67.69500364
-155.1586435,0,31.1754,-85.40095585,50.3641184
12.57714339,0,31.2268,11.12106787,45.02532973
-143.2339751,0,31.2739,-69.30136699,-53.27749373
-276.9625926,0,31.3236,-227.4025844,-133.1722491
-99.16210951,0,31.3795,-140.019227,-6.377436541
-157.8168805,0,31.4254,-116.3502643,21.27048129
-255.9979155,0,31.4768,-100.1734894,-4.312729694
-173.0190951,0,31.5248,-45.50020091,26.60830785
-198.1305338,0,31.5739,-103.7360336,21.34890924
-223.180923,0,31.6238,-59.26535009,11.51229894
-131.9903657,0,31.6745,-11.38976604,-23.09167241
479.5000251,0,31.7241,467.4765411,17.10801798
1670.330204,1,31.7736,1616.367656,311.1014557
152.593481,0,31.8297,284.1215086,153.6267877
-2080.718407,0,31.8739,-1869.186433,-390.9618972
-1504.553278,0,31.9238,-1411.756514,-389.0558248
-501.7294324,0,31.9745,-444.6221076,-86.5426988
-154.1706741,0,32.0239,-119.3469399,-61.77517889
53.59618745,0,32.0737,23.5205013,-65.63893202
321.3324067,0,32.1249,213.2743509,53.34988157
361.0014219,0,32.173,274.2023084,89.29622067
241.4013734,0,32.2248,197.9712572,66.50195465
215.617529,0,32.2734,132.5062892,69.9826252
257.9500296,0,32.3242,212.4344193,77.06550197
260.6068415,0,32.375,174.3229859,71.83504158
201.7878193,0,32.4232,77.20901818,50.79520523
134.2700166,0,32.4742,66.67172692,17.9545875
98.6857163,0,32.5248,96.67044622,-15.94704311
135.041585,0,32.577,71.62142552,-35.34871681
201.6548285,0,32.6282,80.35500868,23.92266912
232.7095468,0,32.6748,151.6322143,-35.98005711
280.5814958,0,32.7232,115.6498335,-40.64836145
262.9149706,0,32.7742,132.6821078,21.38709804
219.095348,0,32.8252,170.1828713,36.77476777
220.195612,0,32.8732,145.7146413,90.94506185
57.4328235,0,32.9244,-8.015293935,40.34802259
81.17581825,0,32.979,42.97943762,-12.91155732
196.1004327,0,33.0232,140.354662,14.19332508
160.2973768,0,33.0776,142.8087588,77.73965767
131.8566613,0,33.1298,116.7045527,79.52905817
54.49980959,0,33.1812,13.89319167,23.27485454
30.28061702,0,33.2237,31.84479675,26.81533938
-29.47412326,0,33.2736,-32.23143051,32.12488917
-21.03895793,0,33.3247,-44.55589053,-13.3872918
17.76570926,0,33.3739,2.050002086,17.96469919
30.8128458,0,33.4236,20.73516608,56.90893752
41.22552364,0,33.4745,19.07982495,-1.725051195
-37.60171331,0,33.5241,-46.48184557,-121.328122
-98.54805227,0,33.5739,-78.65867444,-129.904338
-69.86100942,0,33.6248,-54.6888033,-10.95180655
-74.67547403,0,33.6804,-18.77606768,40.80077231
-73.40482069,0,33.7223,-24.5746741,29.96809252
-19.0302281,0,33.7745,18.11671855,17.97226655
124.7221661,0,33.8239,150.8068595,39.94161163
1080.982048,1,33.8737,921.589853,108.5464403
1605.946445,1,33.9246,1463.438759,313.5880474
-591.9247035,0,33.9739,-446.6195278,32.16155099
-1900.839006,0,34.0239,-1684.001347,-287.9803445
-1042.599275,0,34.0746,-911.1942006,-197.656582
-432.0736566,0,34.1241,-400.5697273,-147.0196263
-36.61193898,0,34.1736,-55.77121303,19.20824222
31.38498235,0,34.2268,35.56641626,68.59818938
-86.94454898,0,34.2714,-87.86624523,-47.94921928
-41.71901115,0,34.3248,-110.2094999,-113.105806
92.37646507,0,34.3732,36.26080603,2.604756441
-29.04542638,0,34.4242,5.730587541,-2.773449861
-156.6225526,0,34.475,-77.17078667,-65.94680134
-97.42096797,0,34.5234,0.251762543,-36.47299229
-23.4727281,0,34.5742,31.35151183,-14.68227648
-66.17972197,0,34.63,-22.08247649,19.26514066
-85.92729129,0,34.673,-36.12709293,51.72770813
9.97756675,0,34.7244,-16.13503374,30.98404099
91.40716041,0,34.7752,37.93596159,-15.28944804
18.71552034,0,34.8234,3.067018672,20.77408002
9.61192292,0,34.8744,-8.737505906,52.77528003
100.1550841,0,34.9252,103.0236295,78.7989804
79.81478862,0,34.9732,62.26612561,4.775935662
58.04052333,0,35.0242,37.1965732,26.71167302
-14.05541779,0,35.0748,-33.1537531,4.045665048
4.02264995,0,35.123,-51.05363649,-85.68173036
70.44178802,0,35.1741,54.8133609,-80.06282505
89.73044752,0,35.2237,58.21659965,-52.65396986
93.94949448,0,35.2748,83.12731714,14.48523976
-15.09308233,0,35.3243,15.34641631,-7.597557686
33.8660786,0,35.3736,30.87865147,23.66136849
129.2591848,0,35.4245,67.08551355,77.2175284
109.7685828,0,35.4743,1.576750511,17.95125119
37.20640966,0,35.5236,-36.20203852,-42.81555551
-10.60007735,0,35.5747,6.541594438,9.864864138
94.57689777,0,35.6243,119.5495223,48.17859928
160.4987589,0,35.6776,141.0492037,63.33507697
74.22239066,0,35.7245,45.87768533,55.98911238
56.06720297,0,35.7743,17.72007048,35.65257421
-99.05881375,0,35.8239,-7.826921983,7.422348631
-174.4883612,0,35.8746,-104.82823,-95.07274684
-21.84367947,0,35.9239,-64.46927364,-83.76621184
39.14491807,0,35.9738,-20.26023607,-77.29733977
-2.139246265,0,36.0247,-92.51740149,-104.4447617
-9.61365927,0,36.0743,-1.153649194,8.120715726
5.896996545,0,36.1239,22.76499771,63.01895137
48.49788059,0,36.1731,41.80521983,14.03766688
231.7632108,0,36.2244,290.3401215,57.1243994
1607.308258,1,36.2786,1573.999584,287.7747935
1488.162024,1,36.3234,1435.279828,350.1054613
-1213.911254,0,36.381,-1110.642503,-74.49481623
-1956.547135,0,36.4232,-1802.536973,-356.107774
-924.9467551,0,36.4738,-851.4317171,-282.7242116
-174.966116,0,36.5292,-209.749329,-107.6355614
-18.4958894,0,36.575,-21.36202533,24.57295892
41.33372025,0,36.6234,24.03480903,53.71682316
227.1344792,0,36.6744,111.6329395,39.6893182
138.2500995,0,36.7252,96.83742947,25.64627659
118.2364144,0,36.7734,111.3417743,49.54991917
78.72253154,0,36.8244,72.10264687,-16.87176707
38.06188481,0,36.875,32.44745974,-35.64122981
77.01114432,0,36.9232,49.56068756,-0.763125689
44.68475358,0,36.9744,25.20279305,-33.10528521
-59.86741772,0,37.025,-30.52252107,26.45651268
-99.84806974,0,37.0732,-34.23549967,-11.4195986
84.99034871,0,37.1244,63.74608648,-44.19922204
88.41563625,0,37.1737,80.84416633,28.98560953
-29.31603933,0,37.2247,4.095497628,20.95712429
-25.76459677,0,37.2743,21.06333669,13.90775202
-48.70005456,0,37.3239,15.0003833,47.00491466
-58.53189143,0,37.3763,24.11783984,58.53438661
-44.00149072,0,37.4236,-7.640704064,8.756792566
-15.18543673,0,37.4777,-19.79567758,38.10865873
7.064764471,0,37.5248,40.55731804,49.49656118
40.69952306,0,37.5741,39.72848449,78.23980134
14.91630618,0,37.6239,-29.592292,-11.82738651
-10.87934915,0,37.6796,-34.20723858,-181.626076
-13.63346657,0,37.7241,16.98710162,-72.04310715
-136.5581635,0,37.7739,-85.16312219,21.67432403
-113.7726898,0,37.8248,-65.53677097,-23.43312449
52.79497241,0,37.8743,29.38062557,-24.15428855
106.8275885,0,37.9237,75.47265978,24.03779221
31.16635346,0,37.9748,25.34503422,-55.67136368
-20.21003057,0,38.0243,-55.57471059,-35.04233403
25.8630634,0,38.0737,7.821627835,100.5699551
-5.93153927,0,38.1255,15.35976636,29.73912797
33.457822,0,38.1763,29.73176574,-23.08669273
138.9435832,0,38.2252,92.63039922,10.07776691
41.8406544,0,38.2734,20.57679583,-1.274064559
-21.86387649,0,38.3244,-20.40514474,66.38232226
21.21525125,0,38.3752,28.41182499,89.87465445
-80.43656837,0,38.4234,-34.26748125,-13.18068741
-37.55868435,0,38.4744,-17.28194829,-10.49843223
402.1913239,0,38.529,408.6054498,-14.36636917
1968.984097,1,38.5734,1971.206731,258.0277297
1085.87573,1,38.6244,1029.632361,277.2444729
-1540.569059,0,38.676,-1544.591025,-215.1804021
-1679.27334,0,38.7264,-1601.619432,-352.1744573
-830.4678933,0,38.775,-817.0421923,-185.4736148
-188.6894324,0,38.8252,-207.1768217,-44.91368468
-29.86577659,0,38.8734,-22.65541034,-28.18972077
12.64501701,0,38.9244,17.36502037,-17.23879987
28.73661619,0,38.9786,35.93218283,8.074610749
72.10784308,0,39.0248,64.43754421,3.934344442
158.8701054,0,39.0792,123.6666767,55.85050607
144.4806886,0,39.1252,105.4394427,115.3454843
111.1638777,0,39.1734,52.57752067,71.93681823
58.14868091,0,39.2243,-38.34905425,7.915318697
9.539793315,0,39.2737,-26.7046225,-3.803006826
15.95452482,0,39.3248,14.78172951,-82.3601849
42.87451136,0,39.3743,-0.191467518,-116.0722763
79.07164907,0,39.4239,48.61470231,-12.49504361
85.75270337,0,39.4748,111.0849476,33.52399024
72.21978414,0,39.5243,122.9005477,36.71451772
-5.832693295,0,39.5739,19.4460225,17.22067483
-19.05271985,0,39.6248,-8.249515112,-43.55009541
-4.032385425,0,39.6743,6.826901902,-44.17873395
-66.54842786,0,39.7239,28.37180012,60.52130252
-20.37606264,0,39.7748,49.44681741,100.3519254
37.00735514,0,39.8243,30.16086406,57.88544139
49.20927239,0,39.8739,37.01460658,-4.303340555
96.98431119,0,39.9248,22.73886373,30.10742008
-9.820162825,0,39.9743,-13.88741624,14.10897636
-53.52196936,0,40.0239,-10.37386096,-96.10526524
-13.15929613,0,40.0785,-14.03784044,-86.19598847
-8.43556031,0,40.1244,-16.57297148,-26.99927213
-4.41511371,0,40.1739,36.6195446,43.54413007
-25.72757701,0,40.2233,-6.205151129,-39.67763306
-42.37182308,0,40.2744,-92.36392878,-109.7279999
-100.8972535,0,40.3252,-134.3933625,-106.7698328
-86.94492788,0,40.3734,-90.64085583,-46.22917208
-8.78156218,0,40.4244,32.8272803,39.45954852
93.4760109,0,40.4752,62.12059464,17.18725794
119.7104358,0,40.5234,72.65415747,36.47347413
36.52283044,0,40.5744,103.213868,122.6892969
63.97979086,0,40.6252,105.7340362,130.6213103
54.26564767,0,40.6734,92.58009798,32.36633159
-36.46933883,0,40.7282,34.17627349,0.718719289
7.301600645,0,40.7752,-7.538845237,24.41984621
36.40832372,0,40.8234,2.832306506,66.76615372
792.4656031,1,40.881,691.0131597,157.4422804
2134.001658,1,40.9234,2021.817075,364.5895535
338.796834,0,40.9734,366.6217945,129.1751428
-1963.575633,0,41.0242,-1903.227606,-346.8131429
-1358.861689,0,41.0752,-1286.592152,-365.978697
-581.0248258,0,41.1234,-563.1818483,-232.6219323
-156.4436203,0,41.1744,-195.4011491,-76.19875665
85.76989927,0,41.2238,39.34724307,-11.32616841
87.82887672,0,41.2748,74.51378045,-6.92681224
76.04612932,0,41.3243,49.05137205,24.75719365
130.0619506,0,41.3739,107.832762,25.17220798
118.2627707,0,41.4248,160.0760062,47.62087291
125.5682781,0,41.4743,104.6323018,57.26391295
114.1779775,0,41.5277,49.46162862,23.69992652
15.06099228,0,41.5748,13.06171067,32.25070044
45.3193437,0,41.6243,54.262799,38.00876387
63.44964274,0,41.6739,53.14896552,52.90461593
-37.97491036,0,41.7248,-8.828480092,56.78173264
-64.77930728,0,41.7804,21.61173468,13.9240629
64.35910227,0,41.8295,102.5299621,0.604343507
114.0782211,0,41.8727,110.9114115,-47.20858581
43.77400179,0,41.9243,49.77233332,-76.00193072
-32.45451189,0,41.9739,-13.0427395,-38.70755955
-115.7877655,0,42.0248,-95.08870677,-81.6630021
-6.5635056,0,42.0743,-48.97499953,-21.25873892
126.74814,0,42.1239,95.4891984,59.14416495
59.02062189,0,42.1748,58.81437828,17.33252564
5.429665053,0,42.2229,-19.65183018,26.26641171
-29.49506054,0,42.2752,-36.4783031,41.75323925
-33.67577601,0,42.3234,37.95927903,56.07578769
2.017642852,0,42.3744,60.54815628,12.48520735
8.936053721,0,42.4252,21.78580672,-2.118028474
-0.587049915,0,42.4734,25.68859161,22.45110731
8.134671955,0,42.5244,1.973936468,-5.040864212
66.32160776,0,42.5752,49.81085315,75.48329818
-54.97436812,0,42.6234,-67.55733821,26.81627024
-137.7206117,0,42.6744,-157.2150516,-117.2625299
-41.10688674,0,42.7252,-10.32062833,-102.0398582
-3.952912294,0,42.7734,-19.86112574,-63.47288715
5.508383897,0,42.8244,-27.36758403,6.534884476
65.52099535,0,42.8752,102.5102222,73.44117412
69.80235655,0,42.9234,53.69016899,29.36063278
-54.31286125,0,42.9744,-117.1541969,-78.45375
-22.29217839,0,43.0252,9.287677655,20.95998444
95.14799656,0,43.0734,124.0916001,116.0196266
3.958511555,0,43.1244,-52.29155987,15.70456342
18.59829506,0,43.1752,-16.72357488,16.21928329
-20.4440192,0,43.2234,-3.498520327,10.98200201
-89.43193206,0,43.2743,-65.13075555,20.94555329
164.8959559,0,43.3239,124.3477219,9.487046411
1535.84135,1,43.3748,1374.743074,222.9936101
1132.350422,1,43.4281,1069.421281,379.986393
-1310.526881,0,43.4739,-1155.689808,-139.4218537
-1624.431268,0,43.5248,-1503.798085,-444.275757
-716.2142275,0,43.5743,-693.4758252,-286.160445
-140.0019778,0,43.6239,-131.7320919,-77.23388251
98.22281524,0,43.6748,85.74135955,2.162986764
163.2269806,0,43.7243,105.970145,32.65942976
48.54566826,0,43.7739,26.24642791,51.81901667
8.474728125,0,43.8248,2.33120208,-5.29331208
92.86138849,0,43.8743,92.59094353,18.83176399
10.32727526,0,43.9239,73.97360285,13.12862692
31.8009186,0,43.9755,59.05541309,31.90067296
111.9626226,0,44.0242,74.28623267,86.47397124
99.24713227,0,44.0739,56.23714661,58.02211436
118.1922082,0,44.1248,95.50404144,46.83805416
-5.5720707,0,44.1743,15.85868687,4.166777778
-99.28725948,0,44.2238,-86.97439268,-63.33841982
25.14064823,0,44.2766,-37.94118285,-72.9782791
55.81785994,0,44.325,56.94240756,-69.37416174
6.97357359,0,44.3752,23.88445541,-51.58375353
-9.380773495,0,44.4234,-52.33180144,-8.789439183
25.7951613,0,44.4744,-14.78083708,-1.4683436
71.96196177,0,44.5252,62.67115108,-9.892535123
24.35072203,0,44.5734,30.27425287,2.810181027
-32.17310982,0,44.6244,-36.93190806,4.078119693
14.49094034,0,44.6752,25.79941604,30.99608896
55.13475799,0,44.7272,77.57599234,32.31691265
27.67457487,0,44.7744,73.51503038,44.70226446
17.41906053,0,44.8288,50.07075696,107.0863097
-10.79484458,0,44.8736,-14.1993106,45.68834782
-37.92809412,0,44.925,-8.383863147,-16.92237149
-20.1916204,0,44.9752,9.733197294,15.43234766
-19.67478984,0,45.0234,-63.94527244,-17.38217659
-38.12531056,0,45.0744,-80.82422333,-38.78054192
-59.20534437,0,45.1252,-64.98165836,-77.40763918
-28.61183908,0,45.1734,-64.72347182,-70.07148361
42.45615714,0,45.2243,8.56496756,8.941333537
-14.12359729,0,45.2739,30.16307169,-49.43124014
12.21017411,0,45.3248,68.48655397,2.363574746
23.12921494,0,45.3743,50.64026656,64.39058101
-39.3712244,0,45.4239,-45.4216214,-13.41023342
11.78758086,0,45.4748,37.49787972,12.20989264
52.00330122,0,45.5243,70.61401725,62.94749501
151.3509856,0,45.5739,105.2800472,99.77510728
419.1658056,0,45.6248,354.2083733,143.9398648
1730.410099,1,45.6743,1692.179769,316.4711786
831.0578215,1,45.7277,825.5440789,173.2687337
-1661.234116,0,45.7748,-1597.404589,-238.0863439
-1572.484414,0,45.8243,-1486.057351,-290.748759
-794.9640781,0,45.8808,-746.230048,-136.8681518
-273.4998746,0,45.9227,-244.5813552,-72.6847439
32.00394779,0,45.9743,-13.60124109,-189.5005958
92.46894073,0,46.0239,80.23881825,-119.4995782
114.6305601,0,46.0748,138.1645531,1.493656367
153.427567,0,46.1243,117.3607348,85.96184348
133.6220472,0,46.1739,107.356756,61.53963571
50.72981537,0,46.2233,54.2950851,-20.28064923
71.59713421,0,46.2782,66.12809927,90.9374715
17.5030192,0,46.3252,34.08105187,77.71233054
-34.46075698,0,46.3734,-1.165203035,36.65042649
-16.27441435,0,46.4244,16.20526675,9.473864675
-30.71058193,0,46.4752,-23.1716392,-21.84725012
62.08171617,0,46.5268,7.756316038,33.40902246
139.956993,0,46.5744,141.4096088,81.22206982
50.77762613,0,46.6252,69.12382899,43.99435076
23.47254629,0,46.6734,16.73432455,-16.23608181
46.71254813,0,46.7244,41.51658808,-9.156505404
80.11613992,0,46.7752,56.32691799,-44.27788958
146.1686878,0,46.8268,105.3473033,-7.086991539
144.5546029,0,46.8716,44.23518864,12.79507953
-152.6380422,0,46.9288,-149.6135056,-78.88673967
-281.1391721,0,46.9736,-201.5157695,-48.17063572
-68.79429136,0,47.0244,-63.08873031,-29.90814961
13.15441186,0,47.0752,-21.37678623,-5.145995565
-24.01734131,0,47.1234,-15.019536,40.90992527
-13.77151794,0,47.1744,4.687418909,66.24041958
28.20703108,0,47.2238,29.95374244,55.06105684
-41.94820767,0,47.2748,-4.572427213,-0.475759953
-129.5397509,0,47.3243,-69.25638661,-24.56045195
-13.1215208,0,47.3808,-40.92258371,-26.69893736
63.80298147,0,47.4227,36.60838423,-48.4525796
-8.182904782,0,47.4743,26.88619708,-22.01013407
58.3959531,0,47.5255,35.35493839,50.8184842
136.7108708,0,47.577,85.77087397,35.82693399
-24.91287375,0,47.6243,-10.9766668,-121.3103169
-54.04796655,0,47.6739,-11.57975705,-138.2297404
171.5683101,0,47.7248,148.5414308,25.63276416
151.4780306,0,47.7743,147.6875185,62.97191993
63.63131193,0,47.8239,35.7772763,36.36193572
4.800816635,0,47.8748,-8.628555298,42.04550064
-91.88639247,0,47.9243,-63.55774692,18.56209315
-53.95022482,0,47.9739,-38.44130361,47.40938229
-24.35393336,0,48.0248,-38.52984962,-22.21557955
-152.1333133,0,48.0743,-169.1836595,-84.36577309
-151.3050366,0,48.1247,-96.84189716,-15.16950278
30.91323942,0,48.1748,15.49806885,25.63761124
71.8415864,0,48.2229,29.65716107,63.72446709
294.2870959,0,48.2752,344.2991836,85.53511562
1692.486505,1,48.3234,1694.181343,296.2569327
2053.393557,1,48.3744,2012.492041,437.1876914
-641.0331035,0,48.4252,-616.8505061,-68.66269563
-2344.39768,0,48.4734,-2249.684037,-510.686593
-1502.775639,0,48.5244,-1414.29233,-338.3668304
-536.8763723,0,48.5752,-523.6933657,-163.5729034
-149.5735565,0,48.6234,-185.3849181,-131.0052299
-45.21882795,0,48.6744,-37.52572561,-5.306174888
123.6012535,0,48.7252,119.9961634,99.86890977
216.3131402,0,48.7734,203.3649871,103.7708003
249.7361486,0,48.8244,191.6013827,82.46923309
179.6981017,0,48.8752,143.5120803,53.57789333
-0.39157628,0,48.9234,30.25793288,30.848072
20.09435743,0,48.9744,-0.685377721,14.52562158
109.1107055,0,49.0252,131.847094,20.88255995
136.2417402,0,49.0734,137.7793344,39.86571288
60.36314098,0,49.1244,-12.23351741,-27.2723392
-57.78042495,0,49.1752,-124.089605,-150.5797326
-51.52971955,0,49.2234,-58.62022491,-143.5130204
93.82653917,0,49.2743,67.64102977,-31.28739478
218.4445647,0,49.3239,173.0782793,57.97423587
1388.365635,1,49.3748,1334.694655,259.3510185
1478.278087,1,49.4243,1474.308957,373.4197262
-884.7656534,0,49.4739,-750.4744651,-24.29108242
-1852.440579,0,49.5298,-1745.337481,-295.7509935
-974.6355892,0,49.5741,-929.2547566,-191.5480113
-176.7188818,0,49.6239,-132.5108557,-113.7049906
96.93206085,0,49.6748,147.2613671,5.429057987
125.1139654,0,49.7243,197.8622858,82.30899881
124.4938388,0,49.7777,104.4698245,94.28952844
129.2601765,0,49.8248,61.08806402,51.5932468
214.028089,0,49.8743,171.8590253,24.8096317
202.0901514,0,49.9239,156.142431,8.45478391
48.68243607,0,49.9748,12.5593148,-74.54240335
-70.93763463,0,50.0243,-51.48807586,-64.82926387
0.857611,0,50.0739,-15.19357926,7.038630636
72.93987189,0,50.1248,53.98914306,17.52601572
-5.626216909,0,50.1743,15.87407313,4.692798387
44.974707,0,50.2239,-9.379499192,4.84329029
84.97189774,0,50.2733,49.33934228,3.385722823
53.00952032,0,50.3244,86.20545684,15.86172895
124.0402407,0,50.3752,147.6212486,40.97516193
33.5850742,0,50.4234,27.9461493,11.43722272
-74.3986311,0,50.4744,-96.69092605,-20.75873645
-92.30638165,0,50.5252,-85.35648406,17.32667568
-121.0813192,0,50.5734,-83.59300899,42.49995135
3.57739513,0,50.6244,-23.42933005,77.72329535
-19.47593443,0,50.6752,-24.47811531,14.02096881
-29.24157627,0,50.7272,-4.712654455,-20.78959932
-41.36514087,0,50.7746,-36.54003652,-24.22218004
-30.05211375,0,50.8252,-104.1476825,-170.1535244
50.92388826,0,50.8734,20.16536714,-108.1151465
43.95438683,0,50.9244,65.74006214,10.73804547
86.45428488,0,50.9752,99.71789003,105.9652874
53.16228041,0,51.0234,68.44723965,101.4604086
4.401469932,0,51.0744,-42.36887872,-67.91754612
-6.461920433,0,51.1252,35.74606005,-21.66741534
52.26025669,0,51.1734,135.4454094,116.6739151
-45.1823793,0,51.2244,-11.1952988,28.80679607
-114.3540417,0,51.2776,-122.594768,-47.74784098
29.34763946,0,51.3251,8.675597352,39.99951069
62.69103957,0,51.3744,52.58620118,45.57071547
94.24485658,0,51.4239,87.6729073,43.14807286
46.84140256,0,51.4798,12.26640227,4.491716403
-4.105921405,0,51.5241,-68.4618128,-14.93325222
-55.03257046,0,51.5739,-60.51662355,-6.313921127
-83.27606267,0,51.6248,-65.25893193,-35.01978294
-13.77318245,0,51.6743,-5.052169192,-79.27997348
-107.6106705,0,51.7271,-82.23858186,-103.896329
-11.1312738,0,51.7722,-1.506555958,-16.07720242
679.0464958,0,51.8243,660.2025412,109.0488031
1935.754484,1,51.8739,1839.955413,328.8846215
301.0442125,0,51.9248,289.1596878,119.9821028
-1916.231996,0,51.9743,-1777.463064,-260.427932
-1275.548831,0,52.0239,-1127.797653,-182.4525102
-462.7535324,0,52.0748,-435.793337,-114.2932045
-33.94519557,0,52.1243,-74.61484714,-30.43908138
126.8757042,0,52.1739,108.0078317,43.41322921
67.3055734,0,52.2248,84.19704175,26.80649165
-27.63504725,0,52.2729,25.02399403,67.70822921
5.96871126,0,52.3252,36.47295962,53.85789439
21.98468111,0,52.3738,9.704921355,-50.10184941
28.17004625,0,52.4244,34.73236185,-88.56587622
1.28009185,0,52.4752,32.69493004,-53.92151195
-95.67979364,0,52.5234,-111.9973149,-41.24445973
-16.6219721,0,52.5744,-56.99601459,14.37031994
175.9189108,0,52.6252,128.8177733,61.46516348
76.27031421,0,52.6734,76.18338593,-0.995881946
46.15598026,0,52.7244,63.43502208,-51.77139976
141.4205935,0,52.7752,130.3610137,5.090208327
69.06030434,0,52.8234,62.00375061,72.05013088
28.50050132,0,52.8782,40.56302636,43.64188783
9.95211609,0,52.9252,58.86626746,29.92487936
60.85182551,0,52.9734,25.37435298,52.25716138
63.08878723,0,53.0244,-14.94027656,-5.483941678
-89.65051752,0,53.0752,-66.1951897,-23.30222339
32.00076385,0,53.1234,35.54009666,47.36597319
92.82901759,0,53.1744,65.70929226,25.45075564
-82.93288731,0,53.2252,-109.359321,-111.7193773
-72.52082835,0,53.2734,-62.34458529,-68.55127355
-7.447041559,0,53.3243,-26.72078714,-10.81085238
-2.12007692,0,53.3739,-39.60470659,-82.28775808
99.42246739,0,53.4248,64.59285799,-4.279966538
46.47872056,0,53.4777,26.80978982,46.70790053
-113.6595124,0,53.5245,-64.91723608,8.470365418
-24.06021034,0,53.5757,19.81281818,54.40859782
9.444997595,0,53.6242,44.76395968,11.40831955
-55.48637228,0,53.6739,-73.37075373,-15.85050908
7.53929943,0,53.7297,11.15830542,17.18248681
78.8610213,0,53.7776,96.16942028,-6.240678697
191.7216407,0,53.8245,136.4106797,43.18056993
1390.67397,1,53.8748,1257.422114,238.0156166
1477.312209,1,53.926,1383.145303,291.0783606
-755.0649747,0,53.977,-659.5012264,-43.44058556
-1594.588003,0,54.0298,-1474.466262,-292.0542782
-928.8825776,0,54.0741,-842.6585832,-292.9019534
-426.9843961,0,54.1239,-363.8512584,-171.197882
-54.8874214,0,54.1748,-75.22636155,-8.073019865
43.67877467,0,54.2243,29.92414218,34.14511048
-135.0838204,0,54.2772,-85.58997212,-4.575808601
-126.7710211,0,54.3232,-126.3788299,-15.87430927
-8.343894562,0,54.3744,-27.39167577,-7.124874662
141.7237367,0,54.4252,73.08398226,9.824305755
216.7501524,0,54.4734,167.9288577,19.3918948
161.0735515,0,54.5244,111.9652298,35.20576818
92.83312938,0,54.5752,45.95252352,59.43181944
35.54180335,0,54.6234,110.8405682,79.87357086
54.08112475,0,54.6744,69.85371399,36.64552111
-54.62783458,0,54.7252,-56.13194648,-33.82567936
13.2315991,0,54.7774,14.73896531,4.112426143
81.24724864,0,54.8244,82.95931731,-18.82297717
23.03739398,0,54.8752,7.141224475,-44.47255575
34.79782141,0,54.9234,33.68569962,0.370332357
31.84782353,0,54.9744,39.29461765,1.93227451
57.51516299,0,55.0254,25.26586642,-27.86110539
-22.92934682,0,55.0734,-20.08959436,-2.503115196
-21.2059523,0,55.1244,-12.86776907,25.81328211
100.4526944,0,55.1752,104.1713256,-10.25466891
53.20357915,0,55.2234,78.61011458,14.07089703
-86.7007932,0,55.2743,-63.90837729,38.16327917
-54.14880599,0,55.3279,-43.59595283,-24.73796775
16.57972923,0,55.3748,62.92750027,3.977480218
73.07620962,0,55.4243,71.71364235,87.70522222
43.77253799,0,55.4808,33.9811658,72.95491885
-34.58001654,0,55.5227,-26.83631788,44.56103513
-55.38619811,0,55.5743,-98.65312539,-3.291143802
-83.85582436,0,55.6239,-133.7601316,-70.5915646
-125.4679611,0,55.6748,-125.0861506,-149.8446176
-47.65931413,0,55.7243,-45.04183549,-110.1939301
116.353863,0,55.7739,73.94584753,-15.36038314
11.9158743,0,55.8248,41.03074126,-2.697545705
79.39282125,0,55.8765,111.1090058,79.70690529
350.4421521,0,55.9225,342.8564804,88.59827369
387.0990786,0,55.9748,344.6689874,43.59029598
1658.824431,1,56.0243,1600.299797,289.8950745
1074.579496,1,56.0741,1082.917506,260.2367541
-1472.89049,0,56.1248,-1332.665372,-145.5536639
-1700.455963,0,56.1743,-1550.478158,-259.1765747
-855.3760285,0,56.2239,-853.4650051,-173.326482
-295.3248345,0,56.2808,-341.1173252,-130.4293523
15.36883625,0,56.3244,-56.20533058,-18.7862193
156.009844,0,56.3752,169.9186111,74.71552951
584.3831973,0,56.4308,565.0690492,132.0483786
481.4754663,0,56.472,425.9968881,34.8116972
-304.7508834,0,56.5252,-270.1403459,-149.0765428
-332.7921404,0,56.5734,-347.7627997,-124.6662648
-122.4963922,0,56.6244,-123.8566863,-69.88112745
-95.40615017,0,56.6754,-94.01253804,5.336205801
-56.25244111,0,56.7236,-55.38035166,28.14356739
108.3962865,0,56.7794,127.6538057,40.75506918
230.9931467,0,56.8252,196.6863358,46.57708271
129.2022725,0,56.8734,101.335833,18.53626738
66.54531833,0,56.9246,87.66474961,48.8655043
25.80873042,0,56.9752,20.85314898,45.24616638
-5.765021845,0,57.0234,-4.044003702,13.33949553
67.18069522,0,57.0744,85.49122121,5.531077312
85.74438926,0,57.1252,63.72447802,30.33158179
61.52488032,0,57.1734,28.52390387,4.363043691
42.85327753,0,57.2244,43.17271462,13.93689579
-70.71064098,0,57.2741,-60.80813844,32.75852504
-49.30752889,0,57.3248,-58.94232188,-28.50208637
-34.57155079,0,57.3804,-30.64801306,-105.8034584
-69.27215824,0,57.4226,-99.88641013,-154.6766794
8.848036018,0,57.4748,-4.972703014,-46.48963949
34.22289434,0,57.5277,64.00182096,-12.19485121
17.52872704,0,57.5762,39.42140791,19.4704277
78.95619931,0,57.6273,89.45844998,18.94979367
14.111735,0,57.6746,24.14003685,-37.91306809
-12.6455619,0,57.724,-25.71468823,15.56582179
32.89011206,0,57.7748,27.96199022,43.00883514
-52.94496559,0,57.8243,-6.54938337,58.56847057
-1.631780885,0,57.8739,16.30851078,48.27033765
15.5882534,0,57.9248,-28.36224328,-3.501950208
-3.41541294,0,57.9745,-45.71327336,-5.017235498
18.33287591,0,58.0239,-30.94398686,48.72721962
532.8596658,0,58.0748,458.1273143,141.4173979
1693.769278,1,58.126,1650.197988,355.4585059
81.945016,0,58.1772,149.8304767,106.199491
-1979.360685,0,58.2248,-1856.677178,-361.2151128
-1160.080309,0,58.2729,-1097.062188,-347.0332868
-366.6533594,0,58.3252,-332.3910605,-193.3025415
19.86501005,0,58.3734,16.07734029,-63.42357542
166.7548509,0,58.4244,161.8096067,40.94640771
172.0255359,0,58.4752,143.5791025,50.72336488
182.8132732,0,58.5234,116.6515546,57.54133952
95.74551886,0,58.5744,52.52188991,64.09814044
22.29281717,0,58.6286,67.82347866,72.27821225
-29.37405049,0,58.6748,19.45594417,50.25861941
-44.00280658,0,58.7246,-56.26464195,32.64705918
17.0088198,0,58.7754,16.81749221,31.29880692
118.3339148,0,58.8234,104.0977739,37.35339338
97.31280173,0,58.8744,51.54142342,-19.87071866
6.71797632,0,58.9252,66.15574215,-3.12448194
-29.64420404,0,58.9734,51.3878473,36.72347421
1.620318145,0,59.0314,-61.73276765,-11.2192422
-22.53182048,0,59.0734,-32.32502524,-14.20948048
-42.09874275,0,59.1234,1.741329804,-55.00607922
-117.5018056,0,59.1744,-111.6893052,-111.2295648
-72.80966811,0,59.2252,-97.25894099,-30.26016195
35.05397499,0,59.2736,9.054288168,52.53188139
-5.87222319,0,59.3243,23.67053517,-5.488171765
-34.12558547,0,59.3739,34.19526832,6.200293784
117.7562066,0,59.4248,124.7200059,42.45225098
222.1142417,0,59.4743,222.7558364,108.8557778
148.8648446,0,59.5239,137.9943242,84.26834668
71.36030325,0,59.575,43.42311311,-9.053184703
27.63113407,0,59.6243,49.41116794,23.97258152
111.2222474,0,59.6739,104.2897214,72.0515095
86.48504601,0,59.7248,38.53304751,23.35447739
38.79141258,0,59.7743,-42.54183056,-20.75774273
-10.49930382,0,59.8279,-18.15263476,1.349003875
-24.95515489,0,59.8799,-0.595444869,-40.29576509
-55.65475281,0,59.9242,-58.85588706,-121.7045422
-61.56925652,0,59.9739,-93.70711833,-230.7493114
-10.61787992,0,60.0248,-36.76382502,-244.6438376
-55.05112967,0,60.0744,34.92819021,-41.74434917
-24.19955654,0,60.1256,59.15563113,78.91260765
82.90587444,0,60.1772,113.4480474,158.9337024
-9.68421685,0,60.2243,14.06821735,121.4480459
-187.6420573,0,60.2739,-202.021536,-12.61311463
-189.4386034,0,60.3233,-212.6384706,10.91890869
-61.93628717,0,60.3788,-149.4234938,33.11197089
40.8902179,0,60.4254,-69.44134004,17.95915388
236.6616491,0,60.4734,197.045737,57.72788607
1559.353318,1,60.5246,1570.82882,281.9121015
952.2273048,1,60.5754,965.2418537,257.7342258
-1215.641194,0,60.6234,-1206.379441,-146.3430594
-1281.825049,0,60.6744,-1222.063637,-252.809902
-853.2613861,0,60.7254,-766.2743419,-181.8803738
-443.8763482,0,60.7734,-410.6251186,-222.1743065
16.33206744,0,60.8224,15.51423356,-191.1136508
294.3878774,0,60.8728,282.9316919,23.92355015
325.4409614,0,60.9306,323.0246233,183.6224684
188.2383097,0,60.972,201.6990467,71.77496151
68.07494304,0,61.0222,-11.80302181,-12.96980948
22.30360996,0,61.0704,-23.83991701,52.19177386
26.38709726,0,61.1186,76.03778124,73.15977155
-124.92366,0,61.1722,-35.72470838,-36.56205417
-81.19753516,0,61.2204,-26.33067451,-8.25119941
60.61458352,0,61.2724,-49.54520629,29.75223999
41.03141837,0,61.3208,-59.43173954,8.266690167
51.71843919,0,61.3721,40.79628512,89.30289621
73.88585397,0,61.4238,65.96723615,22.83675464
96.17071257,0,61.4696,148.8895625,14.51299162
17.7736327,0,61.5192,115.0260083,77.26435568
-58.75085598,0,61.5768,-63.19883195,-89.26241285
35.55842325,0,61.6195,-23.6841909,-173.4907297
97.95868803,0,61.6719,1.77013305,-58.8239396
3.23689505,0,61.7198,-29.70820788,-24.8889603
-22.16558299,0,61.7694,22.71701726,-37.8275202
42.23895824,0,61.8192,55.47570313,-73.45327736
36.8181981,0,61.87,45.74834284,-30.65221669
46.17040725,0,61.9195,47.84089097,49.88973467
3.657137015,0,61.9689,19.19274472,45.78197121
-26.58381441,0,62.02,-13.39131399,62.57746716
-61.51809219,0,62.0694,-103.852492,22.49551073
-51.65768082,0,62.119,-85.51556377,6.028723355
22.23927482,0,62.17,-7.053063765,38.80185844
-0.332260025,0,62.2196,-16.93736046,37.31863568
-86.44987558,0,62.269,-55.87650694,47.61117736
-161.2713074,0,62.3198,-126.5452387,39.42594322
-173.5731825,0,62.3696,-121.1891364,-31.09358434
-4.83948795,0,62.4202,-27.91872889,-125.7269318
23.18743245,0,62.4686,-24.24961062,-104.4541783
14.2423776,0,62.5258,45.805903,22.08058545
12.35846787,0,62.574,58.13265204,24.85043526
656.7334619,0,62.6224,642.6881774,88.92098254
1784.260886,1,62.6696,1663.73479,325.9285769
-5.873579,0,62.7202,-9.911409312,62.52601713
-1859.571958,0,62.7684,-1646.684456,-266.4320028
-1043.585059,0,62.8196,-926.1883529,-136.8816365
-390.6098263,0,62.8702,-354.5883383,-33.91809865
-82.42655564,0,62.9254,-118.5061951,-1.49739528
41.84805074,0,62.9696,-45.73451144,-36.75119157
-19.43690899,0,63.0204,-52.47525928,-86.64414102
171.4141212,0,63.0718,138.2281499,82.86681078
300.8161538,0,63.123,296.5872,174.8160884
74.56243115,0,63.1704,58.20146044,28.97726938
-62.53813672,0,63.2184,-79.52034896,-64.99634831
4.010286725,0,63.2696,-19.31025502,-90.53178599
231.9149122,0,63.3203,206.125113,-49.12305059
355.3263133,0,63.37,357.5117425,51.5850002
111.8930307,0,63.4263,159.7356553,60.41423528
-112.6597118,0,63.4691,-59.57450756,-31.93656396
36.47587495,0,63.5202,59.6494052,-13.23619617
174.4731239,0,63.5693,192.9494511,48.14682677
-73.1335904,0,63.6233,-89.99526647,-58.49272154
-258.7459757,0,63.6722,-212.7852718,-33.69940767
-67.42065892,0,63.7193,-36.675802,41.46815658
110.0007447,0,63.7691,94.86077968,29.24686246
78.35087271,0,63.82,69.28668153,20.03859046
45.12257821,0,63.8695,73.13414302,-21.67424457
23.79958656,0,63.9218,28.33549185,-8.175316655
80.68254561,0,63.9701,52.9495478,81.8547069
25.67174775,0,64.0195,68.93717134,53.28725039
87.37270435,0,64.0691,99.77396904,4.045579972
1815.317732,1,64.1278,1681.757727,201.8933318
1544.05804,1,64.1715,1413.715662,211.6064428
-1370.456762,0,64.2191,-1242.712198,-190.4253394
-1893.687521,0,64.27,-1690.61269,-300.7463853
-901.8220425,0,64.3194,-792.0323162,-120.6358905
-398.4093334,0,64.3704,-356.5444608,-124.5460098
-113.6750276,0,64.4214,-122.0098456,-3.884075798
-102.1754245,0,64.4698,-57.39552247,80.78589811
-123.6831029,0,64.5206,-34.99901015,29.0554641
68.02435175,0,64.5716,167.9950188,96.12633575
-30.6863255,0,64.6202,103.2620877,2.891777868
-164.9754248,0,64.6704,-85.72747759,-99.03414857
29.55167125,0,64.7184,40.42470034,-3.638078196
93.02681794,0,64.7768,102.8088299,11.72347032
-12.17081408,0,64.8206,-108.2802507,4.426838091
-58.56829087,0,64.8684,-129.5203666,62.37901939
15.4325204,0,64.9196,61.38736906,36.82128619
126.9178089,0,64.9706,71.30467831,-146.7026103
91.34681187,0,65.0186,16.18455534,-249.9472949
212.7392472,0,65.0698,194.7675701,-54.88186582
618.4697113,0,65.1234,475.5126779,151.6699475
614.9858108,0,65.1722,432.3252837,136.9277542
218.4343829,0,65.2196,175.2118088,90.50377252
172.2378875,0,65.2706,114.5115667,83.31330211
19.9446329,0,65.3203,-66.73707395,44.24551433
-114.207389,0,65.3695,-95.03507581,2.585309468
8.26449177,0,65.4191,54.08355593,23.7244625
122.2020071,0,65.47,59.20944093,50.44941843
50.2988964,0,65.5195,-1.109800485,17.49585311
5.2687852,0,65.5691,-13.24617625,32.02080834
159.4353319,0,65.6198,66.0111955,14.19563186
127.2596213,0,65.6695,65.77939796,15.0836844
145.9587983,0,65.7191,122.348301,49.96601167
99.83964508,0,65.77,63.15458127,-51.99903873
-3.230526885,0,65.8196,-23.65720472,-97.96759554
46.61262611,0,65.869,3.926307176,-37.08174335
122.2132336,0,65.92,24.45057843,55.31370501
94.20627015,0,65.9696,42.54890121,31.596875
186.3498641,0,66.0192,156.5621591,5.293073724
1198.592808,1,66.07,1134.490479,222.41204
1671.766009,1,66.1193,1600.47463,402.5531598
-340.2668325,0,66.1689,-335.727395,71.05645027
-1883.401036,0,66.22,-1706.354288,-327.1949199
-1203.546862,0,66.2694,-1122.464876,-248.9827486
-480.3538942,0,66.3204,-529.7202469,-130.2550879
-181.4262721,0,66.3686,-154.9537508,-75.78956394
5.113823145,0,66.4234,12.64813791,-4.424249041
-15.27283387,0,66.4706,-24.35543485,-25.8203012
113.963367,0,66.5186,71.63054105,-15.7325576
104.3587626,0,66.5696,101.6575275,-11.25586977
101.9853088,0,66.6204,118.1877957,-12.02563989
111.4209379,0,66.6686,54.74811199,-55.69652433
-50.56840967,0,66.7198,-57.52178689,-49.4603864
-96.95126868,0,66.7744,-78.92765497,13.5625621
-98.33240979,0,66.8184,-51.51864151,17.03752859
25.27694961,0,66.8696,1.264520029,-29.7556363
32.65811379,0,66.9206,-24.52738042,45.545848
-24.02982243,0,66.9714,31.90568922,124.6345804
50.43453438,0,67.0196,103.1084814,44.31498731
215.0964976,0,67.0706,171.3133156,88.70827206
187.1471777,0,67.1186,115.1246406,106.0600137
-90.75628322,0,67.1698,-76.03889853,-47.0397635
-134.5247758,0,67.2204,-109.9272527,-82.35648205
-8.36329657,0,67.2686,-45.84981692,-12.57795986
-36.69590219,0,67.3213,-41.79018236,-69.50170928
-63.16306241,0,67.373,-5.522839065,-98.03112591
44.5833555,0,67.4202,83.75570438,-34.6112126
82.23207407,0,67.4696,108.9365703,21.47711828
113.7740735,0,67.5192,97.69154436,73.24048886
102.1215379,0,67.5715,84.65581572,77.59514825
-20.77853442,0,67.6212,22.55833956,6.730874768
-7.379206315,0,67.6691,17.05373857,24.04453425
-50.4606982,0,67.72,-103.0338099,-25.10395556
-123.7790923,0,67.7694,-179.2246269,-56.08496823
-44.78759835,0,67.8219,-109.2966955,40.68031982
29.56852782,0,67.8703,-38.13145877,10.84855693
45.906629,0,67.9196,1.219121917,3.064878193
60.22823617,0,67.969,-13.94986017,46.52673688
-24.5286382,0,68.02,-18.48589532,53.60606009
-31.36179069,0,68.0727,21.61108299,35.16369296
-54.36750505,0,68.1197,20.59941227,-26.36237071
-118.6681049,0,68.17,-48.06825243,-102.8686028
-172.7578708,0,68.2194,-97.56146338,-175.0822945
-113.6596152,0,68.2692,-65.28434099,-85.40919058
-31.66719552,0,68.32,-28.36597753,50.45882147
-53.00344715,0,68.3698,-5.006872073,34.06973527
62.96646678,0,68.4204,65.06672292,-18.48013162
950.6165438,1,68.4754,849.1968305,144.7002186
1952.798934,1,68.5198,1719.402717,391.8577896
72.177709,0,68.5706,-14.30318758,113.0973138
-1702.237139,0,68.6186,-1540.109065,-225.9364681
-985.365891,0,68.6698,-826.9157496,-136.884087
-558.278815,0,68.7206,-419.065299,-137.8699418
-294.7063125,0,68.7686,-274.2028405,-111.2727298
-23.70408219,0,68.8198,-19.16307294,-35.86206947
-49.90066552,0,68.8706,32.09108005,-18.2231834
-30.57927865,0,68.9186,-18.54026107,-61.42858464
163.8504968,0,68.9698,123.8819704,-29.84720964
216.8951031,0,69.0238,168.456626,6.815295723
58.20885731,0,69.069,31.42329481,-65.89908682
-25.60462108,0,69.1198,10.93680507,-6.14794447
107.5347665,0,69.1704,132.5830407,55.7575133
188.9147506,0,69.2218,213.0489379,127.3790752
258.0207567,0,69.2698,171.1111571,96.12165879
195.4759789,0,69.3206,60.61910351,45.58043018
16.28194545,0,69.3771,-10.18234461,7.864690994
52.97818565,0,69.4196,60.43881143,8.130781167
5.55699545,0,69.4692,51.50778202,-4.056893343
-112.6037325,0,69.5202,-46.7835905,-23.15139323
4.23051195,0,69.5696,47.08593595,19.0434235
-47.94134375,0,69.6192,-84.08738532,-110.4847617
-196.1390825,0,69.6702,-233.7404569,-150.4193795
-72.31395845,0,69.7196,-76.51389819,-28.29268235
20.70057635,0,69.7692,29.09029377,14.56890843
-10.72288132,0,69.82,19.75562643,-19.24099076
-50.65830645,0,69.8696,-28.37724798,-46.87316532
-48.51750222,0,69.9192,-61.58253151,-13.92920841
-39.53244182,0,69.9702,6.00567524,73.28737739
-9.292965589,0,70.0196,60.2472166,88.09584008
8.991901776,0,70.069,-5.847454162,14.75411648
77.20834287,0,70.1246,18.03796481,50.05120618
106.2784747,0,70.1718,97.23489393,91.63928123
99.72142991,0,70.2192,119.8909042,74.50351315
16.79952793,0,70.2702,-19.94021045,-5.262271493
-88.67090745,0,70.3196,-159.589667,-132.6988003
-158.753681,0,70.3708,-212.3174961,-186.2239749
-36.25569665,0,70.4186,-37.25999057,-109.6244167
107.3754608,0,70.4696,130.8011667,25.83463725
147.0561365,0,70.5206,151.8888246,73.62551838
156.7715117,0,70.5684,120.2295873,46.42959953
-53.01961507,0,70.6196,-84.03984513,-10.17937963
-220.732701,0,70.6706,-184.9738113,-54.22717586
-144.3460156,0,70.7186,-120.7218275,16.81689128
-23.62623216,0,70.7698,3.800528497,96.09755606
-35.7677582,0,70.8206,30.9936893,40.12468561
-22.63442643,0,70.8686,27.89439128,45.54131901
36.41568414,0,70.9198,69.45329055,63.62434009
224.0692981,0,70.9706,210.6062743,72.26482316
22.0388678,0,71.0186,83.30870638,23.44304167
1092.008084,1,71.0698,1133.431546,149.2088583
1095.607008,1,71.1206,1071.120819,129.1473166
-1350.745217,0,71.1686,-1264.08229,-265.846737
-1935.311093,0,71.2198,-1814.53615,-435.4041225
-999.1104068,0,71.2706,-899.9786729,-269.7711147
-210.5275838,0,71.3186,-155.8842169,-28.66876008
161.5319009,0,71.3713,204.3840238,45.45813253
277.20925,0,71.4192,313.9604233,110.368446
244.4419271,0,71.4742,277.2015137,143.3382146
198.9279192,0,71.5198,212.7058637,72.40157389
262.7763365,0,71.5692,233.8817017,40.80757569
314.298371,0,71.6202,302.5474709,48.14352711
191.1058603,0,71.6696,124.3327429,5.901315789
151.9061758,0,71.719,73.83706873,21.44178956
159.3935443,0,71.7702,152.0229392,84.99359118
112.1231093,0,71.8196,106.4394903,-49.92791808
83.04280047,0,71.8692,57.08501455,-130.1592633
975.2719963,1,71.9202,822.140387,68.98635418
1366.404096,1,71.9726,1198.445542,296.2604896
-706.1916907,0,72.0221,-635.9959869,60.60456249
-1783.147734,0,72.0703,-1674.172785,-229.7724898
-922.7876449,0,72.1196,-933.6075253,-198.8494079
-305.2242016,0,72.1692,-328.4320395,-94.71393228
55.47648875,0,72.2202,54.28055156,41.66329864
128.687404,0,72.2696,40.89629065,-9.237577543
155.1763806,0,72.3192,43.65727132,36.06059158
226.052378,0,72.3703,138.7170263,83.56745856
140.3569903,0,72.4198,52.32902567,36.22533123
127.7445121,0,72.4706,124.1379256,85.12192561
24.11773635,0,72.5186,92.19388802,38.88034896
40.01703335,0,72.5698,156.2288758,18.73181902
284.0540158,0,72.6206,328.6017482,92.39908465
153.9506934,0,72.6686,150.9159193,21.23196289
-136.077594,0,72.7198,-133.2450711,-119.8373481
-206.667229,0,72.7706,-184.2223883,-152.1538822
-310.8314416,0,72.8254,-324.8550843,-174.5274653
-177.7806102,0,72.8698,-195.5679913,-38.82030556
151.0766189,0,72.9206,174.2842159,197.6908907
196.9702565,0,72.9686,158.8223014,128.7007728
115.3496417,0,73.0198,106.857835,7.062415353
36.92070328,0,73.074,45.58640574,-24.34589979
-119.7456454,0,73.119,-124.5054106,-84.36029326
-60.5083366,0,73.1698,-74.02499016,-18.8725
130.0754289,0,73.2206,104.3640635,69.06458424
164.814666,0,73.2686,143.4928457,136.5211999
134.5044265,0,73.3198,125.6143193,115.5904702
92.06936751,0,73.3707,70.54932272,5.621138021
124.3399619,0,73.4202,109.6951598,-20.02213778
128.2523651,0,73.4764,156.3612809,-45.30800562
119.7730672,0,73.5192,154.2591357,-29.4240963
30.71339797,0,73.5702,64.43586306,-29.06726848
21.31526537,0,73.6196,-17.2122681,-12.56968672
44.31342624,0,73.6692,30.86420217,44.57982685
-96.79597881,0,73.7202,-119.6777301,26.67387592
-100.2947377,0,73.7696,-125.1807428,-10.41861222
61.3261823,0,73.8192,18.30402657,6.47001186
0.8317196,0,73.8702,-47.36369219,24.60690343
-158.8553397,0,73.9196,-145.4949869,0.481700038
-56.63081419,0,73.9692,-50.84354961,-31.85799751
94.60466721,0,74.0202,128.700415,43.60146642
12.3615399,0,74.0696,9.009055358,50.13597603
-18.82558225,0,74.1192,-25.12076995,12.61692328
193.960634,0,74.1715,221.2507528,74.21574288
142.3309988,0,74.2213,187.4809084,23.85722839
-41.10568029,0,74.273,-36.78777575,-60.42253588
-62.81901125,0,74.3202,-89.53806862,-146.6424165
13.70225719,0,74.3698,1.658453137,-96.31903488
67.10905692,0,74.4206,76.92482242,-31.11432923
-2.15823177,0,74.4686,30.18752604,-28.62703516
-17.14523077,0,74.5198,-66.24891749,-29.75387533
-106.8633615,0,74.574,-135.0794748,-85.03279434
-103.4519548,0,74.619,-45.58276509,-14.15396745
3.13453355,0,74.6698,-5.342539137,87.9002419
-64.97105606,0,74.7204,-50.17772281,145.3383688
-58.5546403,0,74.7718,-39.16833418,59.82906149
-105.2926924,0,74.8198,-77.53120169,-58.56280553
-96.8233799,0,74.8706,-72.61479544,-66.70877428
-11.55060156,0,74.9186,-86.98408724,23.25044401
19.22084923,0,74.9698,59.60784403,83.24506475
54.14972162,0,75.0206,115.3637646,-68.56053552
-144.4146823,0,75.0686,-157.2649779,-304.3599167
-150.0487642,0,75.1198,-198.4233881,-359.7682394
3.742938975,0,75.1706,-87.44356652,-77.286729
51.8429043,0,75.2186,5.079294271,231.1382389
135.8551031,0,75.2698,99.53517378,280.5818479
-50.46940685,0,75.3206,2.456368843,218.3353636
-298.7268146,0,75.3703,-99.93844117,101.4113076
-227.605217,0,75.4196,-16.43149737,63.44923369
-199.3761845,0,75.4692,-17.96033341,-2.831324122
-108.2492655,0,75.5202,-36.73413475,-80.26510241
-62.58221407,0,75.5696,9.045472852,-57.18101619
-131.6775368,0,75.6192,-30.8736669,-141.3615118
-194.1245737,0,75.6702,-161.359909,-206.4843114
-146.010424,0,75.7196,-57.23396386,-136.2902391
-116.0711248,0,75.7692,-46.55901565,-20.88715319
-87.37113531,0,75.8202,-41.57253372,70.06436702
130.9771401,0,75.8734,210.7246266,91.59972026
58.93687344,0,75.9192,115.6368172,46.53402971
1090.190959,1,75.9702,1068.037573,233.0666533
1544.837294,1,76.0196,1509.180534,331.898364
-447.3845372,0,76.0692,-392.1800787,1.707985176
-1479.957743,0,76.1202,-1421.760086,-248.5750144
-928.1574872,0,76.1696,-930.9863231,-188.7371194
-360.835146,0,76.2208,-386.4561009,-108.9018564
105.3605042,0,76.2724,37.37925741,-24.33917398
287.1022908,0,76.3196,258.6862666,77.29653982
156.0557983,0,76.3708,124.3764025,52.30164075
89.05715565,0,76.4186,-15.49913462,51.03613294
178.7731254,0,76.4698,40.40835715,18.83026321
133.1648617,0,76.5206,29.3705479,-74.27060072
50.28509571,0,76.5686,-67.5088444,-126.1500436
191.9035017,0,76.6198,-14.50220726,-75.79491534
370.0756456,0,76.6706,226.6782517,64.92125328
338.2975638,0,76.7186,265.9974609,82.70754557
279.4391386,0,76.7698,184.5853656,41.62772414
268.6017394,0,76.8244,137.5892006,80.11613822
156.8043489,0,76.8686,113.045251,34.26642189
137.4022708,0,76.9198,101.2607304,34.91842812
113.392399,0,76.9706,51.86678576,99.97345546
31.43487435,0,77.0186,-5.676561849,40.59958789
66.66301666,0,77.0698,71.24024491,11.16152613
115.6437673,0,77.1206,88.96630676,9.768552822
86.07296743,0,77.1686,8.745182943,-7.236567057
60.81260433,0,77.2198,43.51205546,32.69812424
49.29498148,0,77.2736,31.64170841,-22.03865139
42.61226,0,77.3226,-1.505794934,-72.35671529
33.55418287,0,77.3713,-34.37660672,-43.02535216
-46.44031404,0,77.4192,-23.85321855,-25.95667809
-44.7883669,0,77.4702,7.534041309,11.97376781
-38.59027257,0,77.5264,-29.76101026,9.210433062
-15.99010383,0,77.5721,16.86035084,7.126139785
-40.62269683,0,77.6203,12.83721512,16.45339881
-119.777973,0,77.6696,-130.7343224,-31.57944092
-134.5515822,0,77.7192,-148.30489,-28.20329657
-83.3950124,0,77.7702,-51.57411614,33.35418572
12.06103545,0,77.8196,20.74143921,99.4277343
24.63566988,0,77.8692,54.87756243,85.27312702
-17.92259347,0,77.9232,11.00236742,-58.27452802
-85.59727545,0,77.9696,-127.8872111,-196.7997619
-37.44096668,0,78.0192,-35.31493885,-145.2908822
26.65415894,0,78.0738,32.48071297,-21.28772444
-86.06197659,0,78.1198,-65.65813752,-31.67843439
-28.3009246,0,78.1692,32.92018409,4.812288759
-1.52732135,0,78.2202,15.17837235,45.53859443
-68.6045171,0,78.2696,-56.17876641,68.43930019
17.65903953,0,78.3192,48.14733183,156.7781273
0.83513832,0,78.3702,10.74454957,122.0747201
-0.943140685,0,78.4198,-17.42019685,47.79912438
-13.7734847,0,78.4774,-44.20101798,-75.52689885
-71.21845106,0,78.5186,-81.57323261,-112.136607
-13.89009897,0,78.5698,25.02938923,-22.8903541
-10.34254233,0,78.6206,26.91150837,-127.1787831
63.2690801,0,78.6686,53.10852539,-173.8564076
107.2780791,0,78.7198,83.59491073,-180.9275161
-6.4679489,0,78.7706,-16.55064592,-224.1060878
-65.96005143,0,78.8186,-82.83026367,-67.00216536
-35.53980922,0,78.8698,-6.3712713,93.70968027
-52.25491406,0,78.9206,-39.98045554,126.2346269
-89.81568335,0,78.9686,-66.41631098,142.6086203
-69.54297234,0,79.0236,-55.0458265,169.2567331
-154.9182265,0,79.0706,-109.2685676,113.4956024
-66.1799147,0,79.1186,-7.838207682,69.76058008
194.2158332,0,79.1698,172.7596408,85.40155596
1144.683404,1,79.2206,1047.720911,150.6318926
1373.352916,1,79.2686,1340.294956,379.5988123
739.7898101,1,79.30966667,836.0011416,511.5071663
